<?xml version="1.0" encoding="UTF-8"?><unload unload_date="2025-08-29 19:34:47">
<sys_remote_update_set action="INSERT_OR_UPDATE">
<application display_value="Global">global</application>
<application_name>Global</application_name>
<application_scope>global</application_scope>
<application_version/>
<collisions/>
<commit_date/>
<deleted/>
<description/>
<inserted/>
<name>CMGN-Incident Management - ATF-Batch-v4 - Global</name>
<origin_sys_id/>
<parent display_value=""/>
<release_date/>
<remote_base_update_set display_value=""/>
<remote_parent_id/>
<remote_sys_id>81fb8fb63be3e210d76ebf8c24e45a0b</remote_sys_id>
<state>loaded</state>
<summary/>
<sys_class_name>sys_remote_update_set</sys_class_name>
<sys_created_by>henry.hartanto@bnc.ca</sys_created_by>
<sys_created_on>2025-08-29 19:34:47</sys_created_on>
<sys_id>46ec1c6b3be76a10d76ebf8c24e45a83</sys_id>
<sys_mod_count>0</sys_mod_count>
<sys_updated_by>henry.hartanto@bnc.ca</sys_updated_by>
<sys_updated_on>2025-08-29 19:34:47</sys_updated_on>
<update_set display_value=""/>
<update_source display_value=""/>
<updated/>
</sys_remote_update_set>
<sys_update_xml action="INSERT_OR_UPDATE">
<action>INSERT_OR_UPDATE</action>
<application display_value="Global">global</application>
<category>customer</category>
<comments/>
<name>sys_atf_step_0f9a87f23be3e210d76ebf8c24e45a33</name>
<payload><![CDATA[<?xml version="1.0" encoding="UTF-8"?><record_update table="sys_atf_step"><sys_atf_step action="INSERT_OR_UPDATE"><active>true</active><callable_outputs/><copied_from/><description>Run Server Side Validation Script</description><display_name>Run Server Side Script</display_name><inputs/><mugshots_cache_json/><notes/><order>3</order><step_config display_value="Run Server Side Script">41de4a935332120028bc29cac2dc349a</step_config><sys_class_name>sys_atf_step</sys_class_name><sys_created_by>harry.hartanto@bnc.ca</sys_created_by><sys_created_on>2025-08-28 00:18:15</sys_created_on><sys_id>0f9a87f23be3e210d76ebf8c24e45a33</sys_id><sys_mod_count>0</sys_mod_count><sys_name>Run Server Side Script</sys_name><sys_package display_value="Global" source="global">global</sys_package><sys_policy/><sys_scope display_value="Global">global</sys_scope><sys_update_name>sys_atf_step_0f9a87f23be3e210d76ebf8c24e45a33</sys_update_name><sys_updated_by>harry.hartanto@bnc.ca</sys_updated_by><sys_updated_on>2025-08-28 00:18:15</sys_updated_on><table/><test display_value="BNC INC MGMT: Creating an incident ticket via a template">fdb439dc3bc32e10deb64b54c3e45a44</test><timeout/><warning_message/></sys_atf_step><sys_variable_value action="delete_multiple" query="document_key=0f9a87f23be3e210d76ebf8c24e45a33"/><sys_variable_value action="INSERT_OR_UPDATE"><document>sys_atf_step</document><document_key>0f9a87f23be3e210d76ebf8c24e45a33</document_key><order>100</order><sys_class_name>sys_variable_value</sys_class_name><sys_created_by>harry.hartanto@bnc.ca</sys_created_by><sys_created_on>2025-08-28 00:18:16</sys_created_on><sys_id>c39a87f23be3e210d76ebf8c24e45a3c</sys_id><sys_mod_count>0</sys_mod_count><sys_updated_by>harry.hartanto@bnc.ca</sys_updated_by><sys_updated_on>2025-08-28 00:18:16</sys_updated_on><value>3.1</value><variable display_value="Jasmine version">42f2564b73031300440211d8faf6a777</variable></sys_variable_value><sys_variable_value action="INSERT_OR_UPDATE"><document>sys_atf_step</document><document_key>0f9a87f23be3e210d76ebf8c24e45a33</document_key><order>200</order><sys_class_name>sys_variable_value</sys_class_name><sys_created_by>harry.hartanto@bnc.ca</sys_created_by><sys_created_on>2025-08-28 00:18:16</sys_created_on><sys_id>479a87f23be3e210d76ebf8c24e45a3c</sys_id><sys_mod_count>0</sys_mod_count><sys_updated_by>harry.hartanto@bnc.ca</sys_updated_by><sys_updated_on>2025-08-28 00:18:16</sys_updated_on><value>(function(outputs, steps, params, stepResult, assertEqual) {&#13;
&#13;
	var templateQuery = "";&#13;
	templateQuery += "short_description=ATF Test Short Description^";&#13;
	templateQuery += "description=ATF Test Description^";&#13;
	templateQuery += "state=1^"; //New&#13;
	templateQuery += "category=application^";&#13;
	templateQuery += "subcategory=it application^";&#13;
	templateQuery += "impact=2^";&#13;
	templateQuery += "urgency=3^";&#13;
	templateQuery += "assignment_group=f6a43a1a8795ca10560a8406cebb3573^"; //APPL_SERVICENOW&#13;
	templateQuery += "EQ";&#13;
&#13;
	var templateGR = new GlideRecord("sys_template");&#13;
    templateGR.get(steps("5f5f75d03b872e10deb64b54c3e45a5b").record_id);&#13;
&#13;
	templateGR.setValue("template",templateQuery);&#13;
    //templateGR.setWorkflow(false);&#13;
&#13;
    templateGR.update();&#13;
	stepResult.setOutputMessage("templateQuery: " + templateQuery);&#13;
	return true;&#13;
	/*&#13;
    var validationGR = new GlideRecord("sys_template");&#13;
    if (validationGR.get(newRecordSysId)) {&#13;
        stepResult.setOutputMessage("Successfully inserted Template record");&#13;
&#13;
        outputs.table = "sys_template";&#13;
        outputs.record_id = newRecordSysId;&#13;
&#13;
        return true;&#13;
    } &#13;
	&#13;
	else {&#13;
        //stepResult.setOutputMessage("Failed to insert Template record");&#13;
        &#13;
		return false;&#13;
    }&#13;
	*/&#13;
})(outputs, steps, params, stepResult, assertEqual);</value><variable display_value="Test script">989d9e235324220002c6435723dc3484</variable></sys_variable_value></record_update>]]></payload>
<payload_hash>236756462</payload_hash>
<remote_update_set display_value="CMGN-Incident Management - ATF-Batch-v4 - Global">46ec1c6b3be76a10d76ebf8c24e45a83</remote_update_set>
<replace_on_upgrade>false</replace_on_upgrade>
<sys_created_by>henry.hartanto@bnc.ca</sys_created_by>
<sys_created_on>2025-08-29 19:34:47</sys_created_on>
<sys_id>c6ec1c6b3be76a10d76ebf8c24e45a83</sys_id>
<sys_mod_count>0</sys_mod_count>
<sys_recorded_at>198ee1096d00000001</sys_recorded_at>
<sys_updated_by>henry.hartanto@bnc.ca</sys_updated_by>
<sys_updated_on>2025-08-29 19:34:47</sys_updated_on>
<table/>
<target_name>Run Server Side Script</target_name>
<type>Test Step</type>
<update_domain>global</update_domain>
<update_guid>3e3c8ff6d6e3e210f9f4788c89a06df3</update_guid>
<update_guid_history>3e3c8ff6d6e3e210f9f4788c89a06df3:236756462,0f9a87f2d6e3e210735694e1344fc23c:236756462</update_guid_history>
<update_set display_value=""/>
<view/>
</sys_update_xml>
</unload>
